INSERT INTO `categorie` (`id`, `libelle`) VALUES
(1, 'Administration, collectivités locales'),
(2, 'Banque, finance, assurance'),
(3, 'Conseil'),
(4, 'Constructeur'),
(5, 'Distributeur informatique'),
(6, 'Editeur informatique'),
(7, 'Enseignement, formation'),
(8, 'Industrie, BTP'),
(9, 'Opérateur télécom'),
(10, 'Services (Hors informatique) : commerce, transport, tourisme, etc'),
(11, 'Société de service et d''ingénierie informatique'),
(12, 'Autres'),
(13, 'Santé');
INSERT INTO `dept` (`numero`, `nom`) VALUES
(1, 'Ain'),
(2, 'Aisne'),
(3, 'Allier'),
(4, 'Alpes de Haute Provence'),
(5, 'Hautes Alpes'),
(6, 'Alpes Maritimes'),
(7, 'Ardèche'),
(8, 'Ardennes'),
(9, 'Ariège'),
(10, 'Aube'),
(11, 'Aude'),
(12, 'Aveyron'),
(13, 'Bouche du Rhône'),
(14, 'Calvados'),
(15, 'Cantal'),
(16, 'Charente'),
(17, 'Charente Maritime'),
(18, 'Cher'),
(19, 'Corrèze'),
(20, 'Corse'),
(21, 'Côte d''Or'),
(22, 'Côte d''Armor'),
(23, 'Creuse'),
(24, 'Dordogne'),
(25, 'Doubs'),
(26, 'Drôme'),
(27, 'Eure'),
(28, 'Eure et Loire'),
(29, 'Finistère'),
(30, 'Gard'),
(31, 'Haute Garonne'),
(32, 'Gers'),
(33, 'Gironde'),
(34, 'Herault'),
(35, 'Ille et Vilaine'),
(36, 'Indre'),
(37, 'Indre et Loire'),
(38, 'Isère'),
(39, 'Jura'),
(40, 'Landes'),
(41, 'Loir et Cher'),
(42, 'Loire'),
(43, 'Haute Loire'),
(44, 'Loire Atlantique'),
(45, 'Loiret'),
(46, 'Lot'),
(47, 'Lot et Garonne'),
(48, 'Lozère'),
(49, 'Maine et Loire'),
(50, 'Manche'),
(51, 'Marne'),
(52, 'Haute Marne'),
(53, 'Mayenne'),
(54, 'Meurthe et Moselle'),
(55, 'Meuse'),
(56, 'Morbihan'),
(57, 'Moselle'),
(58, 'Nièvre'),
(59, 'Nord'),
(60, 'Oise'),
(61, 'Orne'),
(62, 'Pas de Calais'),
(63, 'Puy de Dôme'),
(64, 'Pyrénées Atlantiques'),
(65, 'Hautes Pyrénées'),
(66, 'Pyrénées Orientales'),
(67, 'Bas Rhin'),
(68, 'Haut Rhin'),
(69, 'Rhône'),
(70, 'Haute Saône'),
(71, 'Saône et Loire'),
(72, 'Sarthe'),
(73, 'Savoie'),
(74, 'Haute Savoie'),
(75, 'Paris'),
(76, 'Seine Maritime'),
(77, 'Seine et Marne'),
(78, 'Yvelyne'),
(79, 'Deux Sèvres'),
(80, 'Somme'),
(81, 'Tarn'),
(82, 'Tarn et Garonne'),
(83, 'Var'),
(84, 'Vaucluse'),
(85, 'Vendée'),
(86, 'Vienne'),
(87, 'Haute Vienne'),
(88, 'Vosges'),
(89, 'Yonne'),
(90, 'Belfort'),
(91, 'Essonne'),
(92, 'Hauts de Seine'),
(93, 'Seine Saint Denis'),
(94, 'Val de Marne'),
(95, 'Val d''Oise'),
(97, 'Dom Tom');
INSERT INTO `periodeStage` (`id`, `dateDeb`, `dateFin`, `numAnneeForm`) VALUES
(19, '2007-05-14', '2007-06-29', 1),
(20, '2007-12-10', '2008-02-01', 2),
(21, '2008-05-12', '2008-06-27', 1),
(22, '2008-12-08', '2009-02-06', 2);
INSERT INTO `role` (`id`, `intitule`) VALUES
(1, 'Responsable de stage'),
(2, 'Maître de stage');
INSERT INTO `etudiant` (`numero`, `nom`, `prenom`, `libelleOption`) VALUES
(1, 'Bitauld', 'Nicolas', 'administrateur de réseaux locaux'),
(2, 'Busson', 'Jérémie', 'administrateur de réseaux locaux'),
(3, 'Cormier', 'Freddy', 'développeur d''applications'),
(4, 'Duval', 'François', 'administrateur de réseaux locaux'),
(5, 'Février', 'Pierre', 'développeur d''applications'),
(6, 'Guyonvarh', 'Romain', 'développeur d''applications'),
(7, 'Lagueux', 'Sylvain', 'administrateur de réseaux locaux'),
(8, 'Lallican', 'Benoît', 'développeur d''applications'),
(9, 'Laurent', 'Yannick', 'développeur d''applications'),
(10, 'Le Joly', 'Sylvain', 'développeur d''applications'),
(11, 'Le Quer', 'Mathieu', 'développeur d''applications'),
(12, 'Le Thomas', 'Julie', 'administrateur de réseaux locaux'),
(13, 'Malescot', 'Damien', 'développeur d''applications'),
(14, 'Pagan', 'Anne', 'administrateur de réseaux locaux'),
(15, 'Philouze', 'Pierre', 'développeur d''applications'),
(16, 'Repillez', 'Gaël', 'administrateur de réseaux locaux'),
(17, 'Ripoll', 'Mathias', 'administrateur de réseaux locaux'),
(18, 'Trehen', 'Alban', 'développeur d''applications'),
(19, 'Ya', 'Long', 'développeur d''applications'),
(20, 'Besnier', 'Antoine', 'administrateur de réseaux locaux'),
(21, 'Bâcle', 'Amélie', 'développeur d''applications'),
(22, 'Bazire', 'Antony', 'développeur d''applications'),
(23, 'Benoist', 'Florent', 'administrateur de réseaux locaux'),
(24, 'Boudjema', 'Hiba', 'administrateur de réseaux locaux'),
(25, 'Boullier', 'Ludovic', 'administrateur de réseaux locaux'),
(26, 'Brouillat', 'Sylvain', 'développeur d''applications'),
(27, 'Caillat', 'Xavier', 'administrateur de réseaux locaux'),
(28, 'Charuel', 'Olivier', 'administrateur de réseaux locaux'),
(29, 'Doulin', 'Jean-François', 'administrateur de réseaux locaux'),
(30, 'Fourmond', 'Jérémy', 'administrateur de réseaux locaux'),
(31, 'Héliès', 'Jérôme', 'développeur d''applications'),
(32, 'Hilpron', 'Typhaine', 'développeur d''applications'),
(33, 'Giron', 'Nicolas', 'administrateur de réseaux locaux'),
(34, 'Lambert', 'Samuel', 'développeur d''applications'),
(35, 'Jean', 'Pierre', 'administrateur de réseaux locaux'),
(36, 'Latorre', 'Jérémy', 'développeur d''applications'),
(37, 'Le Meur', 'Raphaël', 'développeur d''applications'),
(38, 'Le Voguer', 'Yannick', 'développeur d''applications'),
(39, 'Leroy', 'Charly', 'administrateur de réseaux locaux'),
(40, 'Lolom', 'Axel', 'administrateur de réseaux locaux'),
(41, 'Ouin', 'Quentin', 'développeur d''applications'),
(42, 'Robichet', 'François', 'développeur d''applications'),
(43, 'Tanguy', 'Antoine', 'développeur d''applications'),
(44, 'Trouchard', 'Romain', 'administrateur de réseaux locaux');
INSERT INTO `organisation` (`numero`, `nom`, `idCategorie`, `rue`, `cp`, `ville`, `numeroDept`, `tel`, `fax`, `email`, `distanceKm`, `libelleDistance`, `urlSiteWeb`) VALUES
(1, 'Rectorat de Rennes', 1, '96 rue d''Antrain', '35000', 'Rennes', 35, '02 23 21 77 77', '', NULL, NULL, NULL, NULL),
(2, 'IRISA', 7, 'Campus de Beaulieu', '35042', 'Rennes Cedex', 35, '02 99 84 71 00', '02 99 84 71 71', '', NULL, '', 'www.irisa.fr'),
(3, 'SOLLEIL', NULL, '3 rue de la Carrière', '35920', 'Rennes', 35, '02 99 14 40 70', '', 'solleil@solleil.fr', NULL, '', 'www.solleil.fr'),
(4, 'Lycée Victor et Hélène Basch', 7, '15 avenue Charles Tillon', '35000', 'Rennes', 35, '0299544443', '', '', NULL, '', 'lidf.homeip.net'),
(5, 'Lycée professionnel Coëtlogon', 7, 'Rue Antoine Joly - BP 18307', '35083', 'Rennes Cedex', 35, '02 99 54 62 62', NULL, NULL, NULL, NULL, NULL),
(6, 'Informatique Tech Service', 5, 'ZI du Dressère', '56150', 'Baud', 56, '02 97 51 80 20', '02 97 51 87 83', NULL, NULL, NULL, NULL),
(7, 'JET PRINT''S 35', 5, '8 rue de la Garenne', '35135', 'Chantepie', 35, '06 60 70 25 28', '08 25 14 62 61', NULL, NULL, NULL, 'www.jetprints35.fr'),
(8, 'SIB - Syndicat Interhospitalier de Bretagne', 12, '4 rue du Professeur Jean Pecker', '35000', 'Rennes', 35, '02 99 54 75 10', '02 99 54 75 09', NULL, NULL, NULL, 'www.sib.fr'),
(9, 'CFP - Brest', 7, '15 Place Sanquer', '29200', 'Brest', 29, '02 98 44 29 33', '02 99 44 51 10', NULL, NULL, NULL, 'www.cfp29.org'),
(10, 'AGI Informatique', 5, '332 rue de Nantes', '35200', 'Rennes', 35, '02 99 50 70 39', '02 9932 04 16', NULL, NULL, NULL, NULL),
(11, 'France Télécom - Orange Business Services', 1, '9, rue du Chêne germain', '35512', 'Cesson-Sévigné', 35, '02 23 28 30 30', NULL, NULL, NULL, NULL, 'www.orange-business.com'),
(12, 'DRE Bretagne', 1, '10, rue Maurice Fabre CS 96515', '35065', 'Rennes cedex', 35, '02 99 33 45 55', '02 99 33 44 33', 'DRE-Bretagne@developpement-durable.gouv.fr', NULL, NULL, 'www.bretagne.equipement.gouv.fr'),
(13, 'Ecole des Métiers de l''Environnement', 7, 'Campus de Ker Lann - Boulevard Robert Schumann', '35170', 'Bruz', 35, '02 99 05 88 00', '02 99 05 88 09', NULL, NULL, NULL, 'www.ecole-eme.com'),
(14, 'BSH Constructions et Rénovations', 8, '5, venelle des Anglais', '22450', 'La Roche Derrien', 22, NULL, NULL, NULL, NULL, NULL, NULL),
(15, 'Poste - DSI', 1, '11, rue Vaneau - BP 13282', '35032', 'Rennes cedex', NULL, NULL, NULL, NULL, NULL, NULL, NULL),
(16, 'Lenerrant', 8, 'ZI du Placis', '35230', 'Bourgbarré', 35, '02.99.00.45.00', '02.99.00.40.02', NULL, NULL, NULL, NULL),
(17, 'AT & MIS', 5, '40 rue du Bignon', '35135', 'Chantepie', 35, '02 99 86 30 37', NULL, NULL, NULL, NULL, NULL),
(18, 'CAF Ille et Vilaine', 1, 'Cours des Alliés', '35028', 'Rennes Cedex 9', 35, '02 99 29 19 54', '02 99 30 54 71', NULL, NULL, NULL, 'www.caf.fr'),
(19, 'Lycée-Collège Saint-Pierre', 7, '16, rue Saint-Pierre', '22015', 'Saint-Brieuc', 22, '02 96 68 58 00', NULL, NULL, NULL, NULL, NULL),
(20, 'Clinique de la Porte de l''Orient', 13, '3 rue Robert de la Croix', '56100', 'Lorient', 56, '02 97 64 81 54', '02 97 64 81 10', NULL, NULL, NULL, NULL),
(21, 'SDI', 2, 'Parc de Beaujardin', '35410', 'Chateaugiron', 35, '0299372450', NULL, NULL, NULL, NULL, 'www.sdi-info.com'),
(22, 'Wizdeo', 12, '18 rue de la Rigourdière', '35510', 'Cesson-Sévigné', 35, '02 99 83 44 71', NULL, NULL, NULL, NULL, 'www.wizdeo.com'),
(23, 'Correspondance France-Chine', 12, '3 rue Lécuyer', '75018', 'Paris', 75, '01 55 28 60 35', NULL, NULL, NULL, NULL, 'infoschinefrance.com'),
(25, 'Ecole de Reconversion Professionnelle Jean Janvier', 7, '11 rue Edouard Vaillant', '35000', 'Rennes', 35, NULL, '02 99 59 14 47', NULL, NULL, NULL, 'www.erp.rennes.emac.org'),
(26, 'Clinique La Sagesse', 13, '4 place Saint-Guénolé - CS 44345', '35043', 'Rennes', 35, '02 99 85 75 75', '02 99 85 76 00', NULL, NULL, NULL, NULL),
(27, 'Groupe CPA - Cliniques Privées Associées', 13, '10 Boulevard de la Boutière', '35760', 'Saint-Grégoire', 35, '02 99 23 93 41', NULL, NULL, NULL, NULL, NULL),
(28, 'Kit-PC', 5, '4 rue Belle-Ile', '35760', 'Saint-Grégoire', 35, '02 23 25 01 95', '02 23 25 01 89', NULL, NULL, NULL, 'www.kit-pc.fr'),
(29, 'Centre Médecine Physique Réadaptation ND Lourdes', 13, '54 rue Saint-Hélier', '35000', 'Rennes', 35, '02 99 29 50 99', NULL, NULL, NULL, NULL, NULL),
(30, 'Chambre d''Agriculture', 1, 'Rue Le Lannov - CS 14226', '35042', 'Rennes Cedex', 35, '02 23 48 23 23', '02 23 48 23 25', NULL, NULL, NULL, 'www.sinagri.com'),
(31, 'ICNS', 5, '48 rue de Lorient', '35000', 'Rennes', 35, '02 99 33 72 52', NULL, NULL, NULL, NULL, 'www.icns.fr'),
(32, 'Mairie de Bourgbarré', 1, '1 rue des Sports', '35150', 'Bourgbarré', 35, '02 99 57 66 96', '02 99 57 70 60', 'mairie@bourgbarre.fr', NULL, NULL, 'www.bourgbarre.fr'),
(33, 'Point P Bretagne', 8, '23 Boulevard de la Haie des Cognets', '35136', 'Saint-Jacques de la Lande', 35, '02 99 65 20 20', '02 99 65 20 16', NULL, NULL, NULL, 'www.groupe.pointp.fr'),
(34, 'Logidis Comptoirs Modernes Carrefour', 11, 'ZAC des Cormiers', '35650', 'Le Rheu', 35, NULL, '02 99 14 76 79', NULL, NULL, NULL, NULL),
(35, 'Digital DC Système', 11, 'Bâtiment B - Rue Pierre de maupertuis', '35170', 'Bruz', 35, '02 99 57 90 74', NULL, NULL, NULL, NULL, NULL),
(36, 'Société Quincaillerie Boschat', 8, 'Route de Plancoët - BP 347', '22403', 'Lamballe Cedex', 22, NULL, NULL, NULL, NULL, NULL, NULL),
(37, 'Stade Rennais', 12, 'La Piverdière CS 53909', '35039', 'Rennes', 35, NULL, NULL, NULL, NULL, NULL, 'www.staderennais.com');
INSERT INTO `contact` (`id`, `numeroOrganisation`, `civilite`, `prenom`, `nom`, `email`, `tel`, `fonction`) VALUES
(1, 1, 'Madame', 'Françoise', 'Bédouin', NULL, NULL, NULL),
(2, 2, 'Monsieur', 'Didier', 'Morin', 'didier.morin@irisa.fr', '0299112233', 'Responsable des moyens informatiques'),
(3, 2, 'Monsieur', 'Christophe', 'Guilloux', 'christophe.guilloux@irisa.fr', '0299445566', ''),
(4, 2, 'Monsieur', 'François', 'Gerbert', 'Francois.Gerbert@irisa.fr', '0299778899', ''),
(5, 2, 'Madame', 'Isabelle', 'Locaffrette', 'Isabelle.Locafrette@irisa.fr', '0299001122', ''),
(6, 4, 'Monsieur', 'Jean-Pierre', 'Monlaurent', '', '', 'Proviseur'),
(7, 4, 'Monsieur', 'Frédérick', 'Lemasson', '', '', 'Administrateur réseau'),
(8, 5, 'Monsieur', 'Didier', 'Cholet', NULL, NULL, NULL),
(9, 6, 'Monsieur', 'Franck', 'Gilanton', NULL, '02 97 51 80 20', 'Gérant'),
(10, 7, 'Monsieur', 'Grégory', 'Martin', 'gregory@jetprint35.fr', '0299334455', 'Gérant'),
(11, 8, 'Madame', 'Mireille', 'Bauron', NULL, '0299667788', 'Responsable support technique'),
(12, 8, 'Monsieur', 'Florent', 'Le Coupeur', NULL, '0299990011', 'Technicien'),
(13, 2, 'Monsieur', 'Michel', 'Tournois', 'michel.tournois@irisa.fr', NULL, NULL),
(15, 9, 'Monsieur', 'Gaël', 'Kermarrec', 'gael.kermarrec@cfp29.org', '0298223344', 'Responsable informatique'),
(16, 10, 'Madame', 'Marc', 'Huchet', NULL, NULL, 'Gérante'),
(17, 10, 'Monsieur', 'Johann', 'Radin', NULL, NULL, NULL),
(18, 1, 'Monsieur', 'Gilbert', 'Plougoulen', 'gilbert.plougoulen@ac-rennes.fr', '0297556677', 'Responsable service informatique Vannes Pontivy'),
(19, 4, 'Monsieur', 'Stéphane', 'Jacoupy', 'stephane.jacoupy@ac-rennes.fr', NULL, 'Chef de travaux'),
(20, 11, 'Monsieur', 'Stéphane', 'Merle', 'stephane.lemerle@orange-ftgroup.com', '0299889900', 'Directeur sécurité client'),
(21, 11, 'Monsieur', 'Franck', 'Michaud', NULL, '0223112233', NULL),
(22, 12, 'Monsieur', 'Jean-Louis', 'Le Guen', NULL, NULL, 'Chef du Centre Support Mutualisé'),
(23, 12, 'Monsieur', 'Pascal', 'Renat', 'pascal.renat@developpement-durable.gouv.fr', '0223445566', 'Responsable Pôle Suivi projets et développement'),
(24, 15, 'Monsieur', 'T.', 'Lancevee', NULL, NULL, 'Responsable de l''exploitation des services centraux'),
(25, 16, 'Monsieur', 'Bertrand', 'Fixot', 'bfixot-lenerrant@groupesit.com', NULL, 'Responsable d''affaires'),
(26, 17, 'Monsieur', 'Loïc', 'Evain', NULL, NULL, 'Responsable entreprise'),
(27, 17, 'Monsieur', 'Yann', 'Bertrand', NULL, NULL, NULL),
(28, 18, 'Monsieur', 'Loïc', 'Ravaudet', NULL, '0299778899', NULL),
(29, 19, 'Monsieur', 'Yvon', 'Quéromès', NULL, NULL, 'Directeur groupe scolaire'),
(30, 20, 'Monsieur', 'Stéphane', 'Michel', 'stephane.michel@clinique.mutualite56.fr', NULL, 'Responsable informatique'),
(31, 22, 'Monsieur', 'Laurent', 'Renaudon', NULL, NULL, 'Responsable R&D'),
(32, 23, 'Monsieur', 'Yong', 'Peng', NULL, NULL, 'Secrétaire de l''association'),
(33, 25, 'Madame', 'Sandra', 'Fickinger', 'sandra.fickinger@ac-rennes.fr', '0299112233', 'Administrateur réseau'),
(34, 26, 'Monsieur', 'Stéphane', 'Caron', 'scaron@mfiv.fr', '0299445566', NULL),
(35, 27, 'Monsieur', 'Cyrille', 'Clarisse', NULL, NULL, 'Ingénieur réseau et système'),
(36, 28, 'Monsieur', 'Mickaël', 'Le Métayer', NULL, NULL, NULL),
(37, 29, 'Monsieur', 'Olivier', 'Bellamy', 'bellamy@centrempr-ndl.com', '0299778899', 'Responsable informatique'),
(38, 30, 'Monsieur', 'Pierre-Yves', 'Mahieu', 'direction@ille-et-vilaine.chambagri.fr', NULL, 'Directeur'),
(39, 30, 'Madame', 'Clotilde', 'Quinio', 'clotilde.quinio@ille-et-vilaine.chambagri.fr', NULL, 'Chargée de mission informatique'),
(40, 31, 'Monsieur', 'Gilles', 'Nogherotto', NULL, NULL, NULL),
(41, 32, 'Madame', '', 'Combot', NULL, NULL, 'Directrice générale des services'),
(42, 32, 'Monsieur', 'Pierre-Yves', 'Louapre', NULL, NULL, 'Adjoint au développement économique'),
(43, 33, 'Monsieur', 'Dominique', 'Rault', 'dominique.rault@saint-gobain.com', NULL, 'Responsable informatique'),
(44, 34, 'Monsieur', 'Philippe', 'Aussant', 'philippe.aussant@carrefour.com', NULL, 'Responsable de service région ouest'),
(45, 2, 'Monsieur', 'Bertrand', 'Decouty', 'Bertrand.Decouty@irisa.fr', NULL, NULL),
(46, 3, 'Monsieur', '', 'Lévêque', NULL, NULL, NULL),
(47, 13, 'Monsieur', 'Vincent', 'Mandon', 'vincentmandon@ecole-eme.com', NULL, NULL),
(48, 14, 'Monsieur', 'Stéphane', 'Bertelle', NULL, NULL, NULL),
(49, 35, 'Monsieur', '', 'Collet', NULL, NULL, 'Gérant société'),
(50, 8, 'Madame', 'Anne-Gaëlle', 'Le Guen', NULL, NULL, NULL),
(51, 5, 'Madame', 'Isabelle', 'Legrand', NULL, NULL, 'Proviseur');
INSERT INTO `stage` (`id`, `numeroEtudiant`, `idPeriodeStage`, `libelle`, `theme`, `annee`, `numeroOrganisation`) VALUES
(1, 1, 20, 'Mise en place d''un service VoIP sous Astérisk', NULL, 2008, 5),
(2, 2, 19, 'Dépannage sur site, mise en place du réseau dans différentes PME', NULL, 2007, 6),
(3, 4, 19, 'Maintenance systèmes informatiques, installation téléphonie VoIP', NULL, 2007, 7),
(4, 12, 19, 'Installation et configuration de nouveaux PCs dans le parc, intégrés dans le réseau du SIB et dans le réseau WiFI', NULL, 2007, 8),
(5, 12, 20, 'Etudier, proposer et tester des solutions de sauvegarde des données des postes de travail.', NULL, 2008, 2),
(6, 14, 20, 'Mise en place d''un serveur Linux pour hébergement des sites Web et intranet du centre de formation + sécurisation (système de backup, onduleur)', NULL, 2008, 9),
(7, 16, 20, NULL, NULL, 2008, 10),
(8, 16, 19, 'Déploiement de réseaux dans des établissements scolaires', NULL, 2007, 1),
(9, 17, 20, NULL, NULL, 2008, 4),
(10, 22, 21, 'Migration de base Access vers PostgreSql - Développement d''une application Web de suivi des plages d''adresses IP à intégrer dans l''infocentre', 'XHTML/CSS - PHP/PostgreSql', 2008, 12),
(11, 31, 21, 'Maintenance réseau, installation de serveur web', NULL, 2008, 13),
(12, 32, 21, 'Développement d''évolutions complémentaires d''une application de gestion de devis.', 'Access VB.Net', 2008, 14),
(13, 34, 21, 'Développement d''unités d''aide au reporting', 'PHP/MySQL', 2008, 15),
(14, 36, 21, 'Maintenance, assemblage d''ordinateurs portables, fixes et serveurs', NULL, 2008, 17),
(15, 37, 21, 'Développement d''une application web "Situation agent" dans l''intranet', 'XHTML/CSS - PHP/MySql', 2008, 18),
(16, 39, 21, 'Développement d''une application web "Situation agent" dans l''intranet', 'XHTML/CSS - PHP/MySql', 2008, 18),
(17, 38, 21, 'Maintenance informatique, administration réseau', NULL, 2008, 19),
(18, 41, 21, 'Participation à la réalisation d''une application de gestion des rendez-vous', 'XHTML/CSS - PHP/MySql - Prototype', 2008, 20),
(19, 43, 21, 'Rendre dynamique le site web de l''association', 'XHTML/CSS - PHP/MySql', 2008, 23),
(20, 24, 21, 'Réalisation d''une application permettant de consulter l''inventaire informatique de l''ERP', NULL, 2008, 25),
(21, 29, 21, 'Maintenance, assemblage d''ordinateurs', NULL, 2008, 28),
(22, 30, 21, 'Installation postes, dépannage micros et imprimantes, gestion parc informatique sur GLPI, administration réseau', NULL, 2008, 30),
(23, 33, 21, 'Evolution du site internet de l''entreprise (création Boutique en ligne) et création d''un site vitrine pour un client', 'XHTML/CSS - PHP/MySql', 2008, 31),
(24, 7, 21, 'Réalisation d''une applicztion Access d''un logiciel de suivi des articles par sites des clients', 'Access', 2008, 3),
(25, 42, 21, 'Création de la partie administration du site http://www.toota.fr en c# et ASP.Net sous Visual Studio 2005', 'ASP.net', 2008, 35),
(26, 21, 22, 'Etude et réalisation d''une application web dans un environnement lamp avec framework CakePhp pour gérer des habilitations', 'XHTML/CSS - PHP/MySql - CakePhp', 2009, 11),
(27, 22, 22, 'Réécriture d''une application de gestion de marchés public en environnement Web', 'XHTML/CSS - PHP/PostgreSql', 2009, 12),
(28, 31, 22, 'Développement et intégration d''un module de gestion de mails pour une application sous Magic Edevelopper', 'VB6 - Magic Edevelopper', 2009, 3),
(29, 32, 22, 'Réalisation et intégration du module d''évaluation des formations dans l''intranet du SIB', 'Java - SQL Server', 2009, 8),
(30, 34, 22, 'Etude et réalisation d''une application de gestion des interventions de dépannage et contrôle sur les chaudières', 'VB 2005 - Access', 2009, 16),
(31, 36, 22, 'Développement d''une application web de réservation de salles de visio-conférence interfacée avec un agenda électronique', 'PHP', 2009, 2),
(32, 37, 22, 'Etude et réalisation d''une application web de gestion des marchés publics à procédure adaptée', 'XHTML/CSS - PHP/PostgreSql', 2009, 12),
(33, 38, 22, 'Adjonction de modules de consultation d''annuaire au sein d''un portail intranet', 'ASP.Net VB SQL Server', 2009, 36),
(34, 41, 22, 'Maintenance corrective d''un intranet, puis évolutive en étudiant et réalisant un module de suivi médical des joueurs', 'XHTML/CSS - PHP/MySql', 2009, 37),
(35, 42, 22, 'Développement d''évolutions d''une plateforme de gestion/découpe de vidéos pour Internet', 'PHP/JavaScript/MySQL Eclipse-CakePHP', 2009, 22),
(36, 24, 22, 'Intégration d''un logiciel de gestion de parc GLPI-OCSNG', NULL, 2009, 26),
(37, 27, 22, NULL, NULL, 2009, 27),
(38, 29, 22, 'Mise en place d''un nouveau domaine dans un réseau avec liaison VPN et d''un service de messagerie', '', 2009, 29),
(39, 30, 22, NULL, NULL, 2009, 20),
(40, 33, 22, 'Installation et configuration de modems / routeurs ADSL', NULL, 2009, 5),
(41, 7, 22, 'Etude d''une solution de gestion de parc informatique', NULL, 2009, 32),
(42, 39, 22, 'Migration XP pour PC et portables via SMS', NULL, 2009, 33),
(43, 40, 22, 'Recherche et mise en place d''un utilitaire de gestion de sauvegarde des données sous W2003 Server', NULL, 2009, 34),
(44, 44, 22, NULL, NULL, 2009, 35);
INSERT INTO `jouerRole` (`idStage`, `idContact`, `idRole`) VALUES
(1, 8, 1),
(1, 8, 2),
(40, 8, 2),
(2, 9, 1),
(3, 10, 1),
(4, 11, 1),
(4, 12, 2),
(5, 13, 1),
(6, 15, 1),
(6, 15, 2),
(7, 16, 1),
(7, 17, 2),
(8, 18, 2),
(9, 19, 1),
(26, 20, 1),
(26, 21, 2),
(10, 22, 1),
(27, 22, 1),
(32, 22, 1),
(10, 23, 2),
(27, 23, 2),
(32, 23, 2),
(13, 24, 1),
(30, 25, 1),
(14, 26, 1),
(14, 27, 2),
(15, 28, 1),
(15, 28, 2),
(16, 28, 1),
(16, 28, 2),
(17, 29, 1),
(18, 30, 1),
(18, 30, 2),
(35, 31, 1),
(19, 32, 1),
(20, 33, 1),
(20, 33, 2),
(36, 34, 1),
(37, 35, 2),
(21, 36, 1),
(38, 37, 1),
(22, 38, 1),
(22, 39, 2),
(23, 40, 1),
(41, 41, 1),
(41, 42, 2),
(42, 43, 1),
(43, 44, 1),
(31, 45, 2),
(24, 46, 1),
(11, 47, 1),
(12, 48, 1),
(25, 49, 1),
(25, 49, 2),
(29, 50, 2),
(40, 51, 1);