-- ----------------------------------------------------------------------
-- SQL data bulk transfer script generated by the MySQL Migration Toolkit
-- ----------------------------------------------------------------------

USE bdExetud ;

SET SQL_MODE="NO_AUTO_VALUE_ON_ZERO";
--
-- Contenu de la table `domaine`
--

INSERT INTO `domaine` (`code_domaine`, `lib_domaine`) VALUES
('ADM', 'Administration, collectivités locales'),
('BQA', 'Banque, finance, assurance'),
('CNS', 'Conseil'),
('CON', 'Constructeur'),
('DIS', 'Distributeur informatique'),
('EDI', 'Editeur informatique'),
('ENS', 'Enseignement, formation'),
('IND', 'Industrie, BTP'),
('OPE', 'Opérateur télécom'),
('SER', 'Services (hors informatique) : commerce, transport, tourisme, etc;'),
('SSI', 'Société de services et d''ingénierie informatique');

--
-- Contenu de la table `entreprise`
--

INSERT INTO `entreprise` (`num_ent`, `code_domaine`, `rs_ent`, `adr_ent`, `cp_ent`, `ville_ent`, `tel_ent`, `fax_ent`, `email_ent`, `comm_ent`) VALUES
(80, 'SER', 'SIMIX', '32, rue de la Touche Ablin', '35510', 'CESSON-SEVIGNE', '0123456789', '0123456789', 'xx@yy.fr', NULL),
(81, 'ENS', 'Ecole d''architecture de Bretagne', '44 Boulevard de Chézy - CS 16427', '35064', 'Rennes Cedex', '9012345678', '', '', NULL),
(82, 'SER', 'DELTA DORE', 'Le Vieux Chêne Bonnemain', '35270', 'Combourg', '', '', 'aa@deltadore.com', NULL),
(83, 'ENS', 'Lycée Jean Jaurès', '24 rue Victor Rault BP 80533', '35205', 'Rennes', '8901234567', '', '', NULL),
(84, 'ADM', 'Odaxys', 'Centre d''Affaire Alphasis bat B1', '35000', 'Saint-Grégoire', '', '', '', NULL),
(85, 'ADM', 'Sécurité Sociale - Service Médical', '236 rue de Châteaugiron - CS 84420', '35044', 'Rennes Cedex', '', '', '', NULL),
(86, 'ENS', 'Université Rennes I', 'Campus de Beaulieu - avenue du Général Leclerc', '35042', 'Rennes Cedex', '7890123456', '', '', NULL),
(87, 'BQA', 'ECOLOCALE', '12 avenue Janvier', '35000', 'Rennes', '', '', '', NULL),
(88, 'ADM', 'Hôpital national de Saint-Maurice', '14 rue du Val d''Osne', '94415', 'Saint-Maurice Cedex', '6789012345', '', '', NULL),
(89, 'SER', 'Transports Gautier', 'Route de rennes', '35533', 'Noyal sur Vilaine', '5678901234', '', '', NULL),
(90, 'BQA', 'GROUPAMA', '23 Boulevard Solférino', '35012', 'Rennes Cedex', '', '', '', NULL),
(91, 'SSI', 'CRIL Technology', '', '', 'Rennes', '', '', '', NULL),
(92, 'IND', 'FlowServe Pompes', 'Route d’Angers', '72234', 'ARNAGE Cedex', '', '', '', NULL),
(93, 'ADM', 'Ville de Rennes', '', '', '', '', '', '', NULL),
(94, 'ENS', 'AFSSA', 'La Haute Marche,  B.P. 90203 -  JAVENE', '35302', 'Fougères Cedex', '', '', '', NULL),
(95, 'SSI', 'RETIS Communication', 'Espace Jacques Cartier - BP 96031', '35360', 'Montauban de Bretagne', '4567890123', '4567890123', 'yy@retis.fr', NULL),
(96, 'SSI', 'CARTESIS', '23-25 rue de berri', '75008', 'Paris', '', '', '', NULL),
(97, 'SSI', 'DIA', '', '', '', '', '', '', NULL),
(98, 'IND', 'AgroStar', 'Zone d''Atlantheix - Rue Jacques CARTIER', '56340', 'Theix', '', '', '', NULL),
(99, 'BQA', 'CNETI', '17, Rue Vanne', '92120', 'MONTROUGE', '', '', '', NULL),
(100, 'SSI', 'SII', '2 allée de Becquerel', '35700', 'Rennes', '', '', '', NULL),
(101, 'IND', 'DELPHI France', '', '', 'Saint-Aubin du Cormier', '', '', '', NULL),
(102, 'DIS', 'MVI', '119 avenue du Gros Malon', '35200', 'Rennes', '3456789012', '', '', NULL),
(103, 'ADM', 'SITISI', '4F rue du Bordage', '35510', 'Cesson Sévigné', '2345678901', '', '', NULL),
(104, 'ENS', 'ENST Bretagne', '', '35510', 'Cesson Sévigné', '', '', '', NULL),
(105, 'ADM', 'Animafac', '3 rue Récamier', '75341', 'Paris Cedex 07', '', '', 'zz@animafac.net', NULL),
(106, 'IND', 'Grand Ouest Etiquettes', 'Zac de Beausoleil', '22403', 'Lamballe', '1234567890', '1234567890', '', NULL),
(107, 'IND', 'Compagnie des Fromages', '16 rue A. Savey', '14503', 'VIRE', '', '', '', NULL),
(108, 'IND', 'Groupe Le Duff', '105A, avenue Henri Fréville', '35200', 'Rennes', '', '', '', NULL),
(109, 'SSI', 'Cognix Systems', '80 Avenue des Buttes de Coësmes', '35700', 'Rennes', '02 99 27 75 92', '02 99 27 78 92', '', NULL),
(110, 'SER', 'Fleet services', '', '', 'Rennes', '02 99 23 98 94', '02 99 23 81 81', '', NULL),
(111, 'ADM', 'URSSAF Ille et Vilaine', '6 rue d''Arbrissel', '35000', 'Rennes', '', '', '', NULL),
(112, 'SSI', 'ATOS Worldline', '', '', '', '', '', '', NULL),
(113, 'BQA', 'Groupe Arkéa - CMB', '1 rue Louis Lichou', '29808', 'Brest Cedex 9', '', '', '', NULL),
(114, 'ADM', 'Direction régionale de l''environnement', '2 rue Maurice Fabre', '35065', 'Rennes Cedex', '', '', '', NULL),
(115, 'IND', 'Oberthur Technologies - Division Fiduciaire', '20 rue du Breil', '35135', 'Chantepie', '02 99 51 44 44', '', '', NULL),
(116, 'EDI', 'Apologic', '2 rue du Noroît - ZA Les Alleux  - BP 77406', '22107', 'Dinan Taden Cedex', '02 96 87 17 87', '02 96 39 23 22', 'xy@apologic.fr', NULL),
(117, 'SSI', 'ESR - Agence Ouest', 'Technopole de l''Aubinière 2, Avenue des Améthystes', '44000', 'Nantes', '02 72 68 11 66', '02 72 68 11 14', '', NULL),
(118, 'ADM', 'Ville de Cesson-Sévigné', '1 esplanade de l''Hôtel de Ville - CS 91707', '35517', 'Cesson-Sévigné Cedex', '', '', '', NULL),
(119, 'BQA', 'Crédit Mutuel Arkea', '', '56000', 'Vannes', '', '', '', NULL),
(120, 'SSI', 'PROSERVIA', '5 rue de la Châtaigneraie', '35000', 'Rennes', '02.99.84.11.00', '', '', NULL);

--
-- Contenu de la table `entreprise_etud`
--

INSERT INTO `entreprise_etud` (`num_ent`, `code_domaine`, `rs_ent`, `adr_ent`, `cp_ent`, `ville_ent`, `tel_ent`, `fax_ent`, `email_ent`, `comm_ent`) VALUES
(112, 'SSI', 'Hotline', '195 Rue de Bercy Tour Gamma B', '75012', 'Paris', '01 11 11 11 10', '01 11 11 11 11', '', NULL),
(113, 'SER', 'Lely France SAS', 'Z.A Château-Gaillard', '35470', 'Bain de Bretagne', '0222222222', '', 'xxx@yyy.com', NULL),
(115, 'SSI', 'Business&Decision', 'Parc de la Gibraye', '44230', 'Saint sebastien sur loire', '0233333333', '', 'xy@businessdecision.com', NULL),
(116, 'SSI', 'STERIA', 'avenue des peupliers', '35200', 'CESSON SEVIGNE', '', '', '', NULL),
(117, 'SSI', 'Centre national de traitement (atos wordline)', '', '', 'Rennes', '', '', 'xy@atosorigin.com', NULL),
(118, 'ADM', 'collège pierre brossolette', '18 RUE THEODORE BOTREL BP 17112', '35171', 'BRUZ', '0244444444', '', '', NULL),
(119, 'SSI', 'Dexem', 'Immeuble Delta, 40 rue du Bignon', '35135', 'CHANTEPIE', '0255555555', '', NULL, NULL),
(123, 'DIS', 'darty', 'RUE BAHON RAULT', '35000', 'RENNES', '', '', 'a.b@gmail.com', NULL),
(125, 'SSI', 'G I L', '', '31000', 'Nîmes', '', '', NULL, NULL),
(126, 'SSI', 'G I L', 'www.gil.fr', '31000', 'Nîmes', '', '', NULL, NULL),
(127, 'SSI', 'Logica', 'Espace Performance', '44481', 'Carquefou', '0266666666', '', 'xy@logica.com', NULL),
(133, 'SSI', 'Logica', 'Espace Performance 1', '44481', 'Carquefou', NULL, '', 'xy@logica.com', NULL),
(134, 'SSI', 'Sopra Group', 'Centre Espace Performance', '35769', 'SAINT GRÉGOIRE', NULL, '', 'ab@sopragroup.com', NULL),
(135, 'SSI', 'Sopra Group', 'Centre Espace Performance', '35769', 'Saint Grégoire', NULL, '', 'ab@sopragroup.com', NULL),
(136, 'SSI', 'Atos Origin', '', '35000', 'Rennes', '', '', '', NULL),
(137, 'CON', 'canon bretagne', '', '35340', 'liffré', '', '', 'a.b@mail.com', NULL),
(138, 'ENS', 'Ecole de commerce de Brest', '2 avenue de Provence', '29000', 'Brest', '', '', '', NULL),
(139, 'SER', 'Keolis Rennes', 'Route des Loges', '35000', 'RENNES', '', '', '', NULL),
(141, 'ADM', 'centre hospitalier CHU rennes', '', '35000', 'rennes', '', '', 'a.b@mail.com', NULL),
(142, 'SSI', 'Logica', '9 boulevard Ampère', '44481', 'Carquefou Cedex', NULL, '', 'xy@logica.com', NULL);

--
-- Contenu de la table `options`
--

INSERT INTO `options` (`code_option`, `lib_option`) VALUES
('AR', 'Administrateur de réseaux locaux'),
('DA', 'Développeur d''applications');

--
-- Contenu de la table `etudiant`
--

INSERT INTO `etudiant` (`num_etud`, `nom_etud`, `prenom_etud`, `datenaiss_etud`, `adr_etud`, `cp_etud`, `ville_etud`, `tel_etud`, `email_etud`, `option_etud`, `annee_session_etud`, `annee_obtention_etud`, `nomutil_etud`, `mdp_etud`, `confid_etud`, `url_etud`, `comm_etud`, `etudsup_etud`, `datecnx_etud`, `uagent_etud`) VALUES
(262, 'DAVID', 'Benjamin', '1988-06-12 00:00:00', '94, bd de l''Océan', '35100', 'Rennes', '0612345670', 'david@htmail.fr', 'DA', 2007, NULL, 'DAVIDB', 'bleu', -1, 'http://david.homeip.net', '', '', '2009-03-05 00:00:00', 'Mozilla/5.0 (Windows; U; Windows NT 6.0; fr; rv:1.9.0.7) Gecko/2009021910 Firefox/3.0.7 (.NET CLR 3.5.30729)'),
(263, 'DURAND', 'Anne', '1984-12-15 00:00:00', '14 place de la mairie', '29200', 'Brest', '', 'durand@htmail.fr', 'DA', 2007, 0, 'DURANDA', 'blanc', -1, '', NULL, NULL, NULL, NULL),
(264, 'DUPONT', 'Mickaël', '1984-03-19 00:00:00', 'impasse du moulin', '56100', 'Lorient', '', 'mickael.dupont@free.fr', 'DA', 2007, 0, 'DUPONTM', 'vert', -1, '', '', 'Licence professionnelle informatique à l''université de Nantes                                                                                                                                                                                                  ', '2008-01-26 00:00:00', 'Mozilla/5.0 (Windows; U; Windows NT 5.1; fr; rv:1.8.1.11) Gecko/20071127 Firefox/2.0.0.11'),
(265, 'LENOIR', 'Gabriel', '1986-08-22 00:00:00', '10 rue de Rennes', '56000', 'Vannes', '', 'lenoir@wndo.fr', 'DA', 2007, 0, 'LENOIRG', 'rouge', -1, '', NULL, NULL, NULL, NULL),
(266, 'LEROUGE', 'Anthony', '1984-09-17 00:00:00', '20 Résidence', '35990', 'Saint Gilles', '', 'anthony_lerouge@htmail.com', 'DA', 2007, 0, 'LEROUGEA', 'noir', 0, '', NULL, NULL, '2007-09-24 00:00:00', 'Mozilla/5.0 (Windows; U; Windows NT 5.1; fr; rv:1.8.1.6) Gecko/20070725 Firefox/2.0.0.6'),
(267, 'LEVERT', 'Benoît', '1987-03-09 00:00:00', '10 rue des Peniche', '29000', 'Quimper', '0222222222', 'levert@htmail.com', 'AR', 2007, 0, 'LEVERTB', 'indigo', 0, '', '', '                                                                                                                                                                                                                                                               ', '2007-05-03 00:00:00', 'Mozilla/4.0 (compatible; MSIE 6.0; Windows NT 5.1; SV1; SIMBAR={FE4D8F55-6F4F-4e85-8D60-1612F2D0201E}; .NET CLR 2.0.50727)'),
(269, 'MARTIN', 'Olivier', '1987-05-25 00:00:00', '25 rue des Fleurs', '35540', 'Miniac-Morvan', '', 'olivier.martin@wndo.fr', 'AR', 2007, 0, 'MARTINO', 'ciel', 0, '', '', '                                                                                                                                                                                                                                                               ', '2007-05-03 00:00:00', 'Opera/9.20 (Windows NT 5.1; U; fr)'),
(272, 'MARON', 'Romain', '1985-01-27 00:00:00', 'La Racine', '35370', 'Torcé', '', 'maron@cgetl.net', 'AR', 2007, 0, 'MARONR', 'jaune', 0, '', NULL, NULL, NULL, NULL),
(281, 'TILLEUL', 'Jérémie', '1986-12-20 00:00:00', '17 rue inconnue', '35310', 'Bréal sous Montfort', '', 'jerem_tilleul@html.fr', 'AR', 2007, 0, 'TILLEULJ', 'magenta', 0, '', NULL, NULL, '2008-03-09 00:00:00', 'Mozilla/5.0 (Windows; U; Windows NT 5.1; fr; rv:1.8.1.12) Gecko/20080201 Firefox/2.0.0.12'),
(282, 'VERVEINE', 'Anne-Laure', '1987-07-14 00:00:00', 'Le fer à cheval', '35230', 'St erblon', '0666666666', 'verveine@htmail.', 'AR', 2007, 0, 'VERVEINEA', 'rose', 0, '', '', '                                                                                                                                                                                                                                                               ', '2008-08-08 00:00:00', 'Mozilla/4.0 (compatible; MSIE 6.0; Windows NT 5.1; SV1; .NET CLR 1.1.4322; .NET CLR 2.0.50727; InfoPath.1; .NET CLR 3.0.04506.30)'),
(284, 'BUREAU', 'Nicolas', '1987-12-12 00:00:00', '18 rue de Nantes', '35170', 'Bruz', '02.02.02.02.02', 'bureau@htmail.fr', 'AR', 2008, 0, 'BUREAUN', 'bleu', 0, '', NULL, NULL, '2008-07-16 00:00:00', 'Mozilla/4.0 (compatible; MSIE 7.0; Windows NT 5.1; Wanadoo 6.2; .NET CLR 1.1.4322; .NET CLR 2.0.50727; InfoPath.2)'),
(285, 'CAMELIA', 'Jérémie', '1987-02-27 00:00:00', '7 rue de la fete', '56100', 'Lorient', '', 'camalia.jeremie@gmail.com', 'AR', 2008, 0, 'CAMELIAJ', 'blanc', 0, '', '', 'Licence professionnelle ISVD (Intégration des Systèmes Voix et Données) Lannion                                                                                                                                                                                ', '2009-05-01 00:00:00', 'Mozilla/5.0 (Windows; U; Windows NT 6.0; fr; rv:1.9.0.10) Gecko/2009042316 Firefox/3.0.10 (.NET CLR 3.5.30729)'),
(286, 'CARS', 'Freddy', '1988-06-18 00:00:00', '2 rue du lac', '35320', 'Pancé', '', 'fred_cars@htmail.fr', 'DA', 2008, 0, 'CARSF', 'vert', 0, '', NULL, NULL, NULL, NULL),
(287, 'DECEMBRE', 'François', '1986-09-13 00:00:00', '1 rue Yves', '35170', 'Bruz', '', 'decembre@htmail.com', 'AR', 2008, 0, 'DECEMBREF', 'rouge', 0, '', NULL, NULL, NULL, NULL),
(288, 'ETE', 'Pierre', '1988-04-08 00:00:00', '14 rue des Pietons', '35520', 'La Mézière', '', 'etefevrier@htmail.com', 'DA', 2008, 0, 'ETEP', 'noir', 0, 'www.pierreete.fr', '', 'SUPINFO Rennes                                                                                                                                                                                                                                                 ', '2008-12-26 00:00:00', 'Mozilla/5.0 (Windows; U; Windows NT 6.0; fr; rv:1.9.0.5) Gecko/2008120122 Firefox/3.0.5'),
(289, 'JONCQUILLE', 'Paule', '1987-10-18 00:00:00', '3 rue Henri', '56100', 'Lorient', '', 'paule.joncquille@gmail.com', 'DA', 2008, 0, 'JONCQUILLEP', 'indigo', 0, '', NULL, NULL, '2008-10-21 00:00:00', 'Mozilla/5.0 (Windows; U; Windows NT 5.1; fr; rv:1.9.0.3) Gecko/2008092417 Firefox/3.0.3'),
(290, 'LILAS', 'Benoît', '1985-02-13 00:00:00', 'rue du port', '22600', 'Loudéac', '', 'benoit.llilas@gmail.com', 'DA', 2008, 0, 'LILASB', 'ciel', 0, '', NULL, NULL, '2008-04-29 00:00:00', 'Mozilla/4.0 (compatible; MSIE 7.0; Windows NT 5.1; .NET CLR 2.0.50727)'),
(291, 'MARS', 'Yannick', '1987-05-07 00:00:00', '68 avenue des bois', '56000', 'Vannes', '', 'yannick.mars0@gmail.com', 'DA', 2008, 0, 'MARSY', 'jaune', 0, '', NULL, NULL, '2009-04-18 00:00:00', 'Mozilla/5.0 (Windows; U; Windows NT 5.1; fr; rv:1.9.0.8) Gecko/2009032609 Firefox/3.0.8 (.NET CLR 3.5.30729)'),
(294, 'MARTIN', 'Julie', '1985-09-29 00:00:00', 'Le vallon', '35830', 'Betton', '', 'julie.martin@wndo.fr', 'AR', 2008, 0, 'MARTINJ', 'magenta', 0, '', NULL, NULL, NULL, NULL),
(298, 'VAL', 'Gaël', '1988-03-02 00:00:00', '29 avenue des bois', '35000', 'Rennes', '0606060606', 'gael.val@gmail.com', 'AR', 2008, 0, 'VALG', 'rose', 0, '', '', '                                                                                                                                                                                                                                                               ', '2009-06-25 00:00:00', 'Mozilla/5.0 (Windows; U; Windows NT 5.1; fr; rv:1.9.0.11) Gecko/2009060215 Firefox/3.0.11');

--
-- Contenu de la table `type_contrat`
--

INSERT INTO `type_contrat` (`code_typcon`, `lib_typcon`) VALUES
('CDD', 'Contrat à durée déterminée'),
('CDI', 'Contrat à durée indéterminée'),
('CEJ', 'Contrat emploi jeune'),
('QUA', 'Contrat de qualification'),
('STA', 'Stage');

--
-- Contenu de la table `offre_emploi`
--

INSERT INTO `offre_emploi` (`num_offre`, `date_offre`, `coord_conseil_offre`, `num_ent`, `fonction_offre`, `formation_offre`, `region_offre`, `secteur_offre`, `exper_offre`, `age_offre`, `type_offre`, `lib_poste`, `descriptif_poste`, `fichier_offre`) VALUES
(102, '2008-01-31 00:00:00', 'Référence : xxxxxxx\r\nEmail : brc@riquier.com', NULL, '', 'Bac+3/4 informatique', 'Ile de France', 'Industrie chimique', 'Au moins 3 ans', '', NULL, 'Administrateur SAP - Windows (H/F)', 'Entreprise : \r\nLeader mondial de la distribution de produits chimiques auprès d''entreprises de secteurs variés, l''agroalimentaire, la chimie, les cosmétiques, la pharmacie, ..., notre groupe est présent dans 14 pays en Europe. Basée à Fontenay-sous-Bois (94), la filiale française compte 550 personnes et réalise un C.A. de plus de 350 millions d''euros. L''équipe informatique, 11 personnes plus prestataires, mène des projets d''évolution de son système d''information dans une logique de convergence et de développement de synergies entre différents pays, tant au niveau applicatif que des infrastructures techniques (environnement SAP-ORACLE-Windows).\r\n\r\nMission : \r\nRattaché au Responsable des Infrastrcutures, vous assurez la mise en place et la gestion, l''optimisation et le support de tous les équipements systèmes SAP. Vous participez activement au monitoring et à l''administration quotidienne de ces environnements en production et des contrats (monitoring environnement SAP et desktop management outsourcing). Vous exploitez, administrez et optimisez les serveurs MICROSOFT. Vous participez aux différents projets et contribuez aux choix d''évolution des infrastrcutures techniques en France et en Europe.\r\n\r\nProfil requis :\r\nDe formation Bac+3/4 en informatique, vous avez au moins 3 années d''expérience vécues dans des fonctions similaires, mise en place et administration d''environnements SAP Oracle Windows. Issu du monde du service en systèmes d''information ou d''une entreprise utilisatrice, vous avez idéalement une exépérience européenne et, en tout état de cause, un bon niveau d''anglais. Dynamique et responsable, vous êtes à l''aise en termes de communication et avez sens des relations et forte capacité d''engagement. Rigoureux dans le travail, vous êtes organisé et autonome.', ''),
(103, '2008-03-17 00:00:00', 'CRIT Tertiaire, cadres et placement\r\n10 bis, avenue Henri Fréville\r\n35200 Rennes\r\nTél : 02 23 35 40 10\r\nEmail : rennes338@groupe-crit.com', NULL, '', 'BTS Informatique', 'Bretagne', '', '', '', NULL, 'Téléconseillers techniques (H/F)', 'Postes de téléconseillers techniques à pourvoir sur Rennes.\r\nMissions longue durée.', ''),
(104, '2008-03-21 00:00:00', 'Contacter  Responsable RH\r\nEmail : marie-jo.gerard@urssaf.fr\r\nTél : 02 23 46 82 19', 111, '', 'BTS IG Option Administrateur', 'Bretagne', '', '', '', 'CDD', 'Technicien réseau', 'Compétences requises :\r\nInstaller et configurer un micro-ordinateur en environnement Windows 2000 et XP\r\nInstaller et configurer un réseau Ethernet /IP\r\nInstaller un dispositif de sécurité\r\nInstaller un SGBD\r\nInstaller une application\r\nInstaller un périphérique\r\n\r\nMission\r\nSur une période de 2 semaines à partir de la semaine 14, soit à compter du 2 avril 2008 :\r\nParticipe au déploiement du parc informatique.\r\nA partir d''un master, installe et configure les systèmes et applications et effectue la mise en place des micro-ordinateurs auprès des utilisateurs.\r\nLe service informatique assure la formation et l''encadrement pendant toute la durée de la mission.\r\n\r\nCompétences requises :\r\nRigoureux, méthodique, sens du travail en équipe et du relationnel.\r\n\r\nConditions :\r\nSalaire mensuel brut : 1766 euros\r\nHoraire : 35h/semaine\r\n', ''),
(105, '2008-04-04 00:00:00', 'Societe interim\r\nenora.senlanne@manpower.fr', NULL, '', 'BTS IG', 'Bretagne', '', '1 an', '', 'CDD', 'Développeur informatique (H/F)', 'Recrute en CDD (6 à 12 mois) pour l’un de ses clients en pleine expansion un développeur informatique (H/F).\r\n\r\nBasé sur le site de Dinan OU Dreux (au choix), vous assurerez la mise en place et l’adaptation  du logiciel de gestion logistique interne à l’entreprise et des logiciels de comptabilité pour l’ensemble des sites de production, au niveau national et international. Des déplacements sont donc à envisager.\r\n\r\nVous aurez une bonnes connaissance d’Oracle, Java/ Javascript, LINUX et si possible Windev.\r\nVous aurez aussi un minimum de connaissance en administration réseau ainsi que de la gestion commerciale et de comptabilité.\r\n\r\nNous recherchons des candidats motivés, capables de bien s’intégrer à une équipe déjà en place avec de bonnes capacités de communication. Vous saurez également respecter les délais imposés.\r\n\r\nDe niveau bac+2 informatique (si possible informatique de gestion) et 1 an d’expérience minimum, vous aurez également une bonne maîtrise de l’anglais.\r\n\r\nPoste extrêmement urgent. Intéressé(e), envoyez votre CV dès aujourd’hui  à enora.senlanne@manpower.fr', ''),
(106, '2008-04-04 00:00:00', 'Societe interim\r\nenora.senlanne@manpower.fr', NULL, '', 'BTS IG', 'Bretagne', '', '1 an', '', 'CDD', 'Webmaster (2 postes)', 'Recrute en CDD (6 mois, renouvelable) pour l’un de ses clients sur le secteur de Dinan, 2 webmasters (H/F). POSTES EXTREMEMENT URGENTS.\r\n\r\nTravaillant au sein du service informatique de l’entreprise, vous serez responsable de la mise en place d’interfaces antre le site web de mon client et de sites partenaires.\r\n\r\nNous recherchons des candidats de niveau bac + 2 minimum en informatique. Vous aurez au moins 1 an d’expérience en développement de sites web et maîtriserez MySQL, PostgreSQL, PHP, LINUX. Des connaissances réseau serait un plus.\r\nLes candidats retenus seront motivés, avec de bonnes capacités de communication et de travail en équipe.\r\n\r\nPoste très urgent au sein d’une société en plein développement ! Intéressé(e)? Envoyez votre CV dès aujourd’hui  à enora.senlanne@manpower.fr', ''),
(107, '2008-06-08 00:00:00', 'Merci d’adresser votre CV accompagné d’une lettre de motivation sous référence  à l’adresse suivante : xxxxx@yyyy.zz', 113, '', 'Ingénieur ou bac+5', 'Bretagne / Ile de France', 'Banque', '', '', NULL, 'Ingénieurs développement en informatique (H/F)', 'Regroupement d''une vingtaine de filiales dans tous les domaines de la banque, de la finance et de l’assurance (banque d’entreprise, banque privée, activités de marché, assurance vie, gestion d’actifs, crédits à la consommation, courtage en ligne…). \r\n\r\nLa Direction Informatique du Groupe assure le développement du système d’information pour le compte de l’ensemble de ses filiales. \r\n\r\nPour accompagner son fort développement, le Crédit Mutuel ARKEA, recrute de jeunes diplômés en informatique (H/F)\r\nissus d’écoles d’ingénieurs ou de l’Université (bac + 5).\r\n\r\nLes postes sont à pourvoir à Paris ou à Brest, siège du Groupe.\r\n\r\nVous recherchez à développer vos talents et construire votre carrière au sein d''un Groupe particulièrement innovant.  \r\n\r\nVous aimez conduire des projets et vous êtes force de proposition pour imaginer les solutions novatrices particulièrement adaptées aux besoins de nos clients. \r\n\r\nVos bonnes capacités relationnelles, vos facultés d''adaptation et votre réel goût pour le travail en équipe sont autant d’atouts qui vous permettront de réussir dans la fonction.\r\n\r\nAprès une première expérience réussie, vous pourrez évoluer vers les nombreux domaines de l’informatique du Groupe ou vous diriger vers un métier de la Banque ou de la Finance.', ''),
(108, '2008-06-09 00:00:00', 'Responsable Réseaux\r\nCNT-CA\r\nAtos Worldline\r\n02 99 02 56 54', 112, '', 'BTS IG ou DUT', 'Bretagne', 'SSII', 'Débutant ou 1ère exp.', '', NULL, 'Technicien d''exploitation réseau', 'Contexte :\r\nL’activité Atos Worldline conçoit, développe, intègre et héberge pour le compte de grands groupes français et européens, des solutions et services de paiement et traitement de l''information (multi-canal, solutions de paiement, CRM...).\r\n\r\nTechnical Operations a pour missions de produire les services vendus par les Business Units dans le respect des engagements définis. Pour cela, nous concevons, déployons et faisons évoluer les architectures techniques ainsi que les solutions de production. Nous apportons une expertise technique sur les solutions proposées.\r\n\r\nNotre département est en charge de l’exploitation des environnements techniques (Systèmes, Réseaux et Bases de Données, Sécurité) pour le compte du Centre National de Traitement des radars automatiques. Dans un univers totalement sécurisé (fonctionnement par « sas »), sur une technologie récente et performante (plusieurs dizaines de serveurs en majorité sous Linux, des données sur SAN, NAS, plusieurs accès réseau, accès biométriques et cryptés), notre tâche consiste à alimenter quotidiennement, une chaîne de traitement sur laquelle intervient en permanence plus de 200 personnes de différents horizons (Police/Gendarmerie/Justice, Centre d’appel, sous-traitants,…)\r\n\r\nDescription du poste :\r\nNous recherchons un Technicien réseau en environnement Cisco. Vous participerez notamment au pilotage de l''exploitation des réseaux, au suivi d''incidents, à la configuration de routeurs, au diagnostic de pannes, à la rédaction de procédures, etc \r\nDes interventions de nuit sont à prévoir dans le cadre de ce poste.\r\nPoste à pourvoir immédiatement.\r\n\r\nCompétences requises :\r\nDe formation Bac +2 (type DUT ou BTS en informatique...), vous êtes débutant ou avez une première expérience en tant que technicien. Vous disposez de connaissances significatives en environnement Cisco. Des connaissances en environnement Unix (Linux...) et/ou Windows représenteraient un plus. \r\n\r\nAu delà de vos compétences techniques, vous êtes rigoureux, autonome, curieux et possédez de bonnes qualités relationnelles et rédactionnelles. ', ''),
(109, '2008-06-16 00:00:00', 'Localisation : Rennes/site  \r\nDirection régionale de l’Environnement –2 rue Maurice Fabre –35065 Rennes cedex\r\nContact : Olivier NAULEAU Tél : 02 23 48 64 53\r\nDurée : 2 (3) mois de septembre à octobre (novembre) 2008\r\nRémunération : SMIC', 114, '', 'BTS IG', 'Bretagne', 'Administration', '', '', 'CDD', 'Vacation création base de données', 'Objet :\r\n- construire une BD sous ACCESS recensant les évènements intervenus sur les stations de mesure des débits des cours d’eau bretons\r\n- récupérer les données de la BD actuelle « buguée » pour éviter les resaisies\r\n- alimenter et compléter cette nouvelle BD\r\n\r\nMéthode :\r\nEn liaison avec les techniciens qui seront en charge de l’utilisation de la BD :\r\n- mise au point itérative sur la base de tests des fonctionnalités offertes au fur et à mesure de la construction de la BD\r\n- mise au point des formulaires de saisie et des états par station\r\n- établissement récapitulatif structure BD (schéma relationnel)\r\n\r\nProfil :\r\n- BAC + 2\r\n- Informatique/gestion des données\r\n- Bonne connaissance ACCESS', ''),
(110, '2008-06-25 00:00:00', 'Responsable Ressources Humaines \r\nMail : v.thirel@oberthur.com – Fax : 02 99 53 65 95', 115, '', '', 'Bretagne', '', '', '', 'CDD', 'Gestionnaire de parc informatique - CDD Eté', 'L’usine fabrique des billets de banque et des documents sécurisés pour le monde entier et travaille donc quasiment à 100 % pour l’exportation.\r\nNous intégrons l’ensemble de la chaîne graphique de la création à l’expédition chez nos clients et  nous utilisons toutes les technologies d’impression disponibles dans le monde de la sécurité.\r\nLes contraintes de sécurité et de qualité sont très fortes et, à ce titre, de fréquents audits sont organisés par nos clients et diverses organisations étatiques. \r\nNous évoluons dans un souci permanent d’amélioration de notre performance et de notre efficacité  en privilégiant toujours l’aspect humain dans nos actes.\r\n\r\nURGENT\r\nNous recherchons aujourd’hui un GESTIONNAIRE DE PARC INFORMATIQUE en CDD ETE\r\nAu sein de l’équipe informatique de 5 personnes, vos principales missions seront : \r\n\r\n- Mise à niveau du parc informatique\r\nSupport des utilisateurs sous Windows XP et Office 2003\r\n- Installation des nouveaux postes informatiques\r\n- Inventaire du parc informatique\r\n\r\nProfil : technicien informatique capable de configurer un poste informatique sur un réseau d’entreprise\r\n\r\nConnaissances requises : \r\n- Connaissance souhaitée des environnements : Réseau TCP/IP + Windows XP + Office 2003\r\n- Connaissance appréciée : Windows Server 2003 et Exchange 2003\r\n\r\nDébut du contrat : JUILLET 2008 \r\nContrat : CDD 3 mois ETE du 1er juillet au 30 septembre 2008\r\n\r\nLocalisation du poste : Chantepie (35) \r\nRémunération : Selon profil et expérience', ''),
(111, '2008-07-03 00:00:00', 'Ressources Humaines\r\nSociété Apologic basée à Dinan (22)\r\nEmail : rh@apologic.fr\r\nVoir l''URL suivante : http://www.apologic.fr/ressources-humaines.html', 116, '', 'BTS IG ou DUT', 'Bretagne', 'Editeur logiciel', '', '', NULL, 'Développeur (H/F)', 'Recherche tous types de profil afin de compléter l''équipe développement. \r\nLangages et outils utilisés : PostgreSQL, Java  6, GlassFish, JPA (Toplink), Web-Service (JAX-WS), Swing, Java Web Start', ''),
(112, '2008-07-16 00:00:00', 'Chargée de recrutement\r\nTechnopole de l''Aubinière\r\n2, Avenue des Améthystes\r\nBP 13813\r\n44338 NANTES CEDEX 3\r\nTel : 02 72 68 11 66\r\nFax 02 72 68 11 14\r\nsite : www.esr.fr', 117, '', 'BTS IG', 'Bretagne', '', '', '', NULL, 'Techniciens de proximité', '2 techniciens de proximité sur Rennes pour le mois de septembre.\r\n\r\nDe formation de type BTS Informatique de Gestion, vous avez acquis des connaissances en installation réseau. Vous avez le sens du service et êtes autonomes. \r\n\r\nVous vous verrez confier les tâches suivantes :\r\n- passage de câble Ethernet et fibre optique;\r\n- Référencement de matériels informatiques;\r\n- montage de serveurs dans les baies\r\n\r\nCes deux postes ont lieu en heures ouvrables et non ouvrables avec rotation.', ''),
(113, '2008-08-21 00:00:00', 'Candidature spontanée possible sur le site Web \r\nTél : 02 99 06 61 61', 95, '', 'Bac + 2', 'Bretagne', '', 'Débutant accepté', '', NULL, 'Technicien de supervision', 'Recherche des techniciens de supervisions pour faire de la supervision d''infrastructure réseau (la nuit) et de l''assistance aux clients pour la maintenance et l''évolution de leurs architectures réseaux (la journée).\r\nAnnonce relayée par Julien Réveillard, ancien étudiant option ARLE de la promotion 2006.', ''),
(114, '2008-09-18 00:00:00', 'V.I.\r\n12 rue Gambetta\r\n49500 SEGRE\r\nTél : 02 41 92 19 19\r\nFax : 02 41 92 16 51\r\nEmail : marie-francoise.valain@vediorbis.com', NULL, '', 'BTS IG ou DUT', 'Pays de Loire', '', '', '', 'CDD', 'Technicien(ne) informatique', 'Recherche pour l''une de nos entreprises, basée en Mayenne (53), un(e) technicien(ne) informatique titulaire d''un BTS ou DUT informatique de gestion. \r\nL''objectif de la mission d''une durée de 12 mois est le suivi de projets (analyse, mise en place de progiciels). Le poste nécessite la connaissance du développement Visual Basic / PHP.', ''),
(115, '2008-10-07 00:00:00', 'Transmettre CV + lettre de motivation à :\r\nMonsieur le Maire \r\n1 Esplanade de l''Hôtel de Ville - CS 91707 \r\n35517 Cesson-Sévigné Cedex\r\nTél. RH : 02 99 83 62 03 ou\r\nTél Serv. Com. : 02 99 83 62 01\r\nservice-communication@ville-cesson-sevigne.fr', 118, '', '', 'Bretagne', 'Administration', '', '', 'CDD', 'Webmaster', 'Dépôt de candidatures pour le 8 octobre 2008, poste à pourvoir dès que possible.\r\nRecrutement d''un(e) webmaster en CDD de 4 mois avec une perspective d''évolution sur un emploi permanent.\r\nDans le cadre de la refonte totale de son site internet et de son interface Intranet, la Ville de Cesson-Sévigné prévoit le renforcement de l''équipe communication.\r\nMission :\r\nRattaché(e) au service communication, en lien avec les élus, les services internes et les différents partenaires de la collectivité,\r\n- vous accompagnez le transfert du contenu du site Web actuellement externalisé,\r\n- vous participez à l''élaboration et mettez en oeuvre la refonte du site, vous concevez les évolutions relatives à l''arborescence, au graphisme, aux animations entermes de contenus et de fonctionnalités\r\n- vous êtes inventif en mise en pages, création de pages, valorisation des contenus, habillages editos, intégration de visuels, médias vidéo, animations flash, ...\r\n- vous proposez des enrichissements en fonction des évolutions techniques et des pratiques des internautes\r\n- vous produisez des applicatifs / outils de e-services (e-mailing, formulaires, sondages ...)\r\n- vous avez une compréhension des différents enjeux et une vision globale du site au quotidien.\r\n- réactif, vous animez et actualisez le site au quotidien.\r\n\r\nProfil :\r\n- vous avez une expérience confirmée en webmastering et en mise en oeuvre de projets de site internet,\r\n- vous maîtrisez l''environnement et l''architectrure des sites internet et intranet,\r\n- vous maîtrisez les langages de mise en page et de développement web (HTML/CSS, JavaScript, XML, PHP, ASP, ...),\r\n- vous maîtrisez les logiciels de création graphique (Photoshop, Illustrator, Flash, ...) et un ou plusieurs systèmes de gestion de contenus (CMS).\r\n- vous êtes autonome, force de proposition, vous avez une aisance rédactionnelle,\r\n- vous êtes créatif, capable d''organiser, de structurer l''information et de la mettre en page.\r\n- vous avez des qualités rédactionnelles, les aptitudes à l''animation transversale et l''esprit d''équipe vous caractérisent.', ''),
(116, '2008-12-09 00:00:00', 'Faire acte de candidature auprès de : xxxxx@yyyy.zz', 119, '', 'Niveau Bac+2 Informatique exigé', 'Bretagne', 'Banque', 'Débutant accepté', '', 'CDI', 'Technicien d’exploitation - Hotliner', 'Lieu de travail : Vannes\r\nDescriptif :\r\nDans le cadre de son activité de support informatique intégrée à un centre d''appels, notre société recherche un(e) technicien(ne) support pour un contrat à durée indéterminée. \r\n\r\nMissions principales : \r\n- Prise en compte des demandes d''assistance transmises par téléphone et par messagerie, \r\n- Résolution des dossiers d''assistance, \r\n- Suivi des retours de dossiers d''assistance traités par les équipes support de niveau 2. \r\n- Suivre le fonctionnement des applicatifs et veiller à la qualité de la prestation fournie\r\n- Déclencher les opérations de dépannage\r\n\r\nCompétences et qualités requises :\r\n- Connaissances sur les systèmes d''exploitation Windows 2000-XP\r\n- Connaissance souhaitée des réseaux informatiques et des techniques de communication\r\n- Goût prononcé pour l’assistance et le conseil.\r\n- Autonomie, rigueur.\r\n- Qualités relationnelles indispensables.\r\n- Aptitude au travail en équipe.\r\n- Esprit d’initiative.\r\n- Disponibilité.', ''),
(117, '2009-01-23 00:00:00', 'RECRUTEMENTS CDD-CDI et INTERIM\r\nEric Hervé - Responsable d''agence (DA)\r\n36, rue de Brest\r\n22100 DINAN\r\nTel : 02.96.85.43.72 Fax : 02.96.87.93.05 Port : 06. 20. 34. 61. 22\r\neric.herve@vediorbis.com\r\nAgence : dinan.001da@vediorbis.fr', NULL, '', 'Bac + 2 Informatique', '', '', '2 ans', '', NULL, 'Développeur d''applications de solutions Web', 'DEVELOPPEUR D''APPLICATIONS DE SOLUTIONS WEB  CLIENTS\r\n\r\nNous recherchons pour le compte de notre client, une société spécialisée en électronique sur le secteur de Dinan.\r\n\r\nVous aurez en charge le développement d''applications de solutions WEB pour les clients dans le cadre de leur gestion de service après vente. Vous travaillerez à partir de cahiers des charges établis et mettrez en oeuvre\r\nles actions nécessaires pour valider la conformité technique de vos développements.\r\n\r\nVous devez être titulaire d''un Bac+2 en informatique de gestion et avoir minimum 2 Années d''expérience. Vous connaissez impérativement le travail sur base de données : Bases de données en général (PostgreSQL, MySQL,\r\nOracle, etc. …). Pour le développement, vous maîtrisez : JavaScript, AJAX, HTML Css, Eclipse Sub version, Shell Sub version, PHP Objet, LINUX, Windev.\r\n\r\nContact : Eric HERVE - Responsable d''agence de Vedior Bis Dinan\r\n', ''),
(118, '2009-02-05 00:00:00', 'Agence de Rennes\r\njob-rennes@proservia.fr', 120, '', 'Bac+2/3', 'Bretagne', 'Services informatiques', '', '', 'STA', 'Stage sur l''évolution d''un outil de gestion de ressources', 'Stage de  à 6 mois à pourvoir rapidement sur notre agence de Rennes.\r\nIssu d''une formation Informatique développement (bac + 2/3), vous avez impérativement une expérience (stage ou projet) sur PHP/MySQL.\r\nIntégré à notre Centre de Services Test & Validation, vous interviendrez sur l''évolution de l''outil de gestion des ressources et des avancements de validation et sur l''outil de workflow pour la communication entre le Centre de Services et le client (demandes de travaux, PV de réception, Livrables de validations, etc.)\r\nL''objectif du stage est de développer de nouvelles fonctionnalités à ces outils open source :\r\n- la gestion de la facturation,\r\n- le taux d''occupation,\r\n- la gestion et planning des ressources,\r\n- la gestion des indicateurs,\r\n- la gestion des compétences.\r\nUn cahier des charges est disponible. 9 lots de développement sont prévus.\r\nDes déplacements occasionnels sont à prévoir sur notre agence de Lannion avec le responsable technique.\r\n', ''),
(119, '2009-06-10 00:00:00', 'Adresser votre candidature à \r\n3 rue de la gare\r\n44110 Châteaubriant\r\nTél : 02 28 04 01 00\r\nOffre consultable sur www.manpower.fr référence 870396', NULL, '', 'BTS IG DA', 'Bretagne', '', '', '', 'CDD', 'Informaticien développeur', 'Recherche actuellement un informaticien dans la région de Châteaubriant.\r\n \r\nCette mission de travail temporaire est d''une durée de 3 mois, avec une option de renouvellement de contrat à l''issue du contrat.\r\n \r\nLe poste est à pourvoir dès que possible.\r\n \r\nAu sein d''une équipe, le candidat aura en charge la conception et le développement d''application WEB. \r\n \r\nTitulaire d''un BTS informatique de Gestion, option développeur d''application, le candidat justifie d''une première expérience significative (mini 1an, stage ou exp.) dans le développement d''application.', ''),
(120, '2009-06-10 00:00:00', 'Adresser votre candidature à \r\nrennes-tertiaire@manpower.fr', NULL, '', 'Bac + 2 Informatique', 'Bretagne', '', '', '', NULL, 'Hotliners (H/F) techniciens support', 'Recherche pour des missions en intérim des HOTLINERS (H/F) techniciens support pour des missions de juin à juillet 2009 avec prolongations possibles jusqu’en décembre 2009.\r\n\r\nRéception d’appels : assistance utilisateurs de niveau 1\r\n35h travaillées par semaine', '');

--
-- Contenu de la table `professeur`
--

INSERT INTO `professeur` (`num_prof`, `nomutil_prof`, `mdp_prof`) VALUES
(1, 'baraban', 'admin'),
(2, 'lamballais', 'admin'),
(3, 'ribes', 'admin'),
(6, 'haquin', 'admin'),
(8, 'georges', 'admin');

--
-- Contenu de la table `travaille_dans`
--

INSERT INTO `travaille_dans` (`num_etud`, `num_ent`, `type_trav`, `ddeb_trav`, `dfin_trav`, `poste_trav`) VALUES
(262, 139, 'Développeur d''applications / Chef de projet informatique (en intérim et stage)', '2008-06-20 00:00:00', NULL, ''),
(267, 138, 'Technicien micro-réseau et audiovisuel', '2008-01-02 00:00:00', NULL, 'Maintenance du matériel audiovisuel, informatique et réseau'),
(281, 112, 'Technicien support de proximité', '2008-01-28 00:00:00', NULL, ''),
(282, 117, 'Technicien d''exploitation', '2008-06-19 00:00:00', NULL, 'assurer le suivi des incidents,les traiter et quand cela est nécessaire \r\nrépondre aux besoins techniques et matériels du client et de nos équipes (installation de postes, maintenance)'),
(298, 118, 'administrateur système et réseaux', '2008-09-01 00:00:00', NULL, 'gestion des serveurs, des infrastructures réseau, des matériels audio/vidéo.\r\nmise en place du site internet.'),
(298, 123, 'technicien SAV', '2008-11-01 00:00:00', NULL, 'SAV en atelier\r\ninstallation darty box\r\ninstallation TV\r\ninstallation homecinéma\r\nformation utilisateur'),
(298, 137, 'technicien hotline SAV', '2009-01-26 00:00:00', NULL, ''),
(298, 141, 'technicien assistance informatique', '2009-05-18 00:00:00', NULL, '- prises d''appels\r\n- ouvertures/suivis d''incidents\r\n- dépannages en ligne (prise en main à distance)\r\n- dépannages sur sites');


-- End of script